id,distance
16019,8301.726
16020,55711.125
16021,11562.893
16022,8075.994
16023,16274.054
16024,6264.2217
16025,91442.06
16026,4121.4434
16027,9059.936
16028,1879.8444
16029,19290.83
16030,52533.85
16031,6896.3735
16032,2508.6855
16033,3954.693
16034,13774.527
16035,4770.2583
16036,166188.44
16037,5617.761
16038,14308.327
16039,2838.5593
16040,8165.347
16041,10422.002
16042,19339.555
16043,8067.8486
16044,2618.7332
16045,8366.935
16046,7996.9307
16047,9499.368
16048,104448.88
16049,10354.91
16050,12794.942
16051,14270.247
16052,16410.832
16053,4859.9463
16054,5589.7915
16055,7692.645
16056,26902.602
16057,1465.1592
16058,2687.4038
16059,9425.912
16060,9361.71
16061,70682.16
16062,7668.631
16063,5170.073
16064,9736.81
16065,2043.3696
16066,6170.0684
16067,6154.1094
16068,9707.14
16069,9118.937
16070,7000.5195
16071,13498.232
16072,7127.0435
16073,3918.216
16074,11603.148
16075,27174.855
16076,4794.7695
16077,5370.5547
16078,11110.249
16079,11195.297
16080,4197.5166
16081,25553.152
16082,5274.487
16083,5435.115
16084,6505.63
16085,9691.758
16086,1970.7795
16087,7600.34
16088,14784.978
16089,7828.032
16090,14032.547
16091,3290.9072
16092,9365.142
16093,69717.44
16094,62902.223
16095,8009.184
16096,9881.479
16097,6278.7437
16098,1433.4436
16099,23475.607
16100,2271.9717
16101,3248.8618
16102,2700.5952
16103,114320.01
16104,5005.4575
16105,16315.559
16106,52398.664
16107,48887.496
16108,6869.508
16109,9046.654
16110,13588.605
16111,2691.0142
16112,12852.493
16113,8255.938
16114,6950.529
16115,16816.766
16116,4660.1978
16117,12026.652
16118,5128.3306
16119,49735.77
16120,15176.557
16121,12101.606
16122,7690.6387
16123,6119.315
16124,7674.3125
16125,7816.0127
16126,136978.06
16127,8090.818
16128,5013.3867
16129,8859.173
16130,6885.2275
16131,23884.705
16132,8997.788
16133,7448.3237
16134,8658.773
16135,6935.6426
16136,18591.916
16137,11703.889
16138,7246.66
16139,8260.312
16140,9279.164
16141,4478.5117
16142,9962.116
16143,85069.54
16144,16297.523
16145,8217.527
16146,12567.807
16147,3335.037
16148,4475.401
16149,12196.096
16150,7841.2485
16151,7143.482
16152,5627.1377
16153,9664.783
16154,18162.38
16155,4975.5107
16156,7744.4404
16157,3657.5442
16158,10053.347
16159,14167.595
16160,10633.002
16161,8579.098
16162,7364.9365
16163,8852.68
16164,16037.61
16165,3975.5667
16166,6568.0947
16167,17395.24
16168,7066.0356
16169,9685.078
16170,14713.713
16171,1934.9651
16172,5116.8745
16173,120460.3
16174,5501.4326
16175,10231.017
16176,5203.2217
16177,7785.5405
16178,17666.959
16179,6332.0513
16180,9405.931
16181,10746.914
16182,4769.6646
16183,21378.035
16184,7978.4385
16185,51315.566
16186,12078.935
16187,7414.374
16188,15852.784
16189,8793.027
16190,18196.27
16191,4171.308
16192,2849.1006
16193,63284.02
16194,8765.407
16195,3081.0737
16196,14727.553
16197,10579.715
16198,7663.91
16199,4887.2417
16200,5282.8584
16201,3968.6062
16202,6309.425
16203,10518.276
16204,19627.045
16205,65261.746
16206,5298.724
16207,4299.2744
16208,12072.722
16209,16954.838
16210,14266.635
16211,6698.195
16212,13992.685
16213,4781.1426
16214,155205.16
16215,13725.216
16216,6477.0674
16217,4317.5146
16218,3231.069
16219,6323.7866
16220,11783.528
16221,7798.5474
16222,4008.8118
16223,15534.261
16224,59152.18
16225,151532.7
16226,14531.825
16227,12574.328
16228,14103.633
16229,7217.9243
16230,13984.11
16231,4869.5273
16232,2886.8247
16233,12851.17
16234,20939.486
16235,48276.074
16236,6184.217
16237,142552.06
16238,21463.977
16239,7317.311
16240,5359.754
16241,11214.627
16242,12758.932
16243,3027.1687
16244,5469.264
16245,9918.063
16246,6717.543
16247,6158.3823
16248,10705.816
16249,6407.2124
16250,8618.862
16251,13459.663
16252,11222.89
16253,7247.766
16254,8104.101
16255,5495.6616
16256,14069.339
16257,13922.864
16258,3201.9956
16259,2088.0544
16260,19496.764
16261,4576.2437
16262,4264.3975
16263,6031.5054
16264,17946.705
16265,13342.381
16266,15033.573
16267,9063.059
16268,42269.33
16269,4351.214
16270,5353.3486
16271,12487.427
16272,6992.0146
16273,7232.3574
16274,10837.173
16275,14683.879
16276,7326.593
16277,63216.125
16278,16631.18
16279,3301.3804
16280,3252.5286
16281,82019.28
16282,47233.74
16283,15834.569
16284,30881.496
16285,4535.575
16286,7388.115
16287,4843.614
16288,1857.5912
16289,7946.875
16290,15058.425
16291,13241.866
16292,21513.363
16293,19633.48
16294,9385.064
16295,4925.178
16296,10117.844
16297,14571.365
16298,13388.448
16299,7229.915
16300,30243.61
16301,8880.242
16302,11372.145
16303,8238.211
16304,5273.6665
16305,5342.3813
16306,38977.66
16307,4718.458
16308,5530.178
16309,11246.944
16310,19391.38
16311,17501.531
16312,2883.8792
16313,10083.465
16314,86586.26
16315,14034.904
16316,10757.798
16317,17681.87
16318,6928.629
16319,6402.3306
16320,12626.739
16321,7073.962
16322,1274.3412
16323,15422.363
16324,7301.9546
16325,72816.13
16326,8025.9526
16327,8447.656
16328,5584.5244
16329,3639.715
16330,49003.957
16331,10813.239
16332,13137.604
16333,132852.03
16334,13959.893
16335,11986.071
16336,9323.295
16337,7235.3145
16338,14728.384
16339,8545.892
16340,12321.868
16341,19368.746
16342,5265.055
16343,14492.925
16344,19115.207
16345,17481.104
16346,155248.02
16347,23446.422
16348,1467.662
16349,3009.3574
16350,9607.379
16351,7479.2485
16352,13810.769
16353,12605.301
16354,8041.834
16355,6919.5645
16356,7627.658
16357,15227.634
16358,9114.741
16359,10874.299
16360,7625.774
16361,6710.51
16362,5859.2783
16363,4097.686
16364,12790.608
16365,18445.922
16366,6367.492
16367,19153.922
16368,14876.468
16369,7078.8345
16370,7146.7534
16371,73419.82
16372,24414.254
16373,6555.527
16374,63445.836
16375,13174.527
16376,7325.433
16377,2643.1494
16378,11683.036
16379,35491.258
16380,5206.766
16381,13256.189
16382,5187.727
16383,18104.396
16384,11115.676
16385,1417.085
16386,7318.741
16387,8266.433
16388,3117.067
16389,4817.1934
16390,13346.954
16391,21314.389
16392,14422.945
16393,37602.184
16394,42078.18
16395,9266.268
16396,12530.506
16397,5091.109
16398,3264.5305
16399,13803.865
16400,3527.1968
16401,4944.412
16402,3930.3928
16403,9803.364
16404,6496.1807
16405,5388.7134
16406,5362.018
16407,5440.0166
16408,10570.168
16409,13098.85
16410,11669.125
16411,80724.586
16412,24075.723
16413,10764.149
16414,3416.7651
16415,10861.921
16416,12820.511
16417,12146.218
16418,3748.1248
16419,1449.1124
16420,18350.46
16421,3064.6455
16422,18579.443
16423,6238.934
16424,9173.727
16425,7482.611
16426,20692.389
16427,6752.4624
16428,12921.953
16429,5504.7056
16430,11757.7295
16431,14734.437
16432,5710.0674
16433,128605.43
16434,10039.517
16435,8261.686
16436,85102.29
16437,20856.635
16438,6372.6895
16439,3319.8315
16440,49332.883
16441,6348.8037
16442,7476.186
16443,3905.6897
16444,8713.33
16445,8055.045
16446,66156.37
16447,10728.054
16448,7061.546
16449,15271.219
16450,5568.754
16451,7318.809
16452,13348.335
16453,8194.165
16454,3349.5037
16455,12146.278
16456,3638.072
16457,9702.886
16458,122239.195
16459,14133.959
16460,6986.5874
16461,5591.7646
16462,74767.72
16463,1525.1613
16464,3907.4116
16465,5898.5527
16466,21343.543
16467,5734.5327
16468,5526.935
16469,62722.52
16470,6533.814
16471,8867.073
16472,9804.1455
16473,10528.227
16474,8613.818
16475,62921.26
16476,14643.387
16477,6139.773
16478,3677.538
16479,59679.055
16480,11784.066
16481,15227.658
16482,30257.71
16483,7540.2305
16484,5702.0503
16485,111051.15
16486,9511.025
16487,15237.124
16488,4369.3257
16489,15592.827
16490,13520.092
16491,19797.973
16492,12098.836
16493,10226.356
16494,62225.79
16495,8459.068
16496,2109.0752
16497,2908.3257
16498,2658.4277
16499,8423.955
16500,8574.02
16501,12709.623
16502,11261.235
16503,3192.8076
16504,13426.159
16505,1662.4615
16506,18972.674
16507,15785.085
16508,5567.783
16509,4964.6494
16510,3742.2322
16511,3181.326
16512,25006.666
16513,103789.27
16514,42013.85
16515,3026.6443
16516,39641.41
16517,22842.607
16518,5714.9004
16519,10681.673
16520,7597.554
16521,9701.477
16522,15816.616
16523,7070.5776
16524,3092.9744
16525,13545.716
16526,9624.828
16527,8482.888
16528,6587.1313
16529,20073.164
16530,9081.136
16531,12543.845
16532,12176.123
16533,4085.393
16534,6161.8335
16535,60509.094
16536,17705.967
16537,8592.844
16538,9893.281
16539,16382.575
16540,2215.4226
16541,1266.2614
16542,9885.963
16543,10845.591
16544,14027.916
16545,125769.766
16546,10785.296
16547,6609.664
16548,6503.353
16549,9330.101
16550,12891.651
16551,1502.9667
16552,12966.463
16553,24359.572
16554,14605.299
16555,23059.666
16556,8024.6353
16557,57174.016
16558,20278.568
16559,38909.61
16560,6058.199
16561,16999.947
16562,19135.877
16563,5894.489
16564,81684.23
16565,6343.925
16566,12556.559
16567,5842.9536
16568,9832.664
16569,4540.3394
16570,7472.4365
16571,6420.9185
16572,19131.13
16573,10245.914
16574,13323.696
16575,19257.451
16576,8454.698
16577,12928.8125
16578,16314.29
16579,7077.068
16580,5801.943
16581,12010.573
16582,4607.631
16583,11566.788
16584,12277.023
16585,94899.66
16586,2199.2388
16587,68062.18
16588,10426.984
16589,6974.678
16590,7558.645
16591,6399.885
16592,2025.3806
16593,58585.02
16594,24304.768
16595,19083.426
16596,4441.1094
16597,22609.598
16598,12599.644
16599,19868.965
16600,6822.6025
16601,3633.5693
16602,6524.9946
16603,10135.269
16604,3378.5938
16605,14446.913
16606,4023.2664
16607,22313.818
16608,2910.5154
16609,23642.506
16610,9850.075
16611,6505.4497
16612,7231.6123
16613,58878.766
16614,4461.513
16615,10498.072
16616,6754.7764
16617,6174.8
16618,2767.7727
16619,28696.56
16620,6812.726
16621,4627.945
16622,13874.2
16623,8507.291
16624,8054.9487
16625,5215.5396
16626,7805.121
16627,131973.38
16628,9564.627
16629,9596.474
16630,4142.4375
16631,40388.91
16632,80289.33
16633,5238.914
16634,10146.764
16635,5096.281
16636,3995.9587
16637,9866.015
16638,7069.3423
16639,18842.816
16640,51106.29
16641,15918.186
16642,2064.9248
16643,5767.7754
16644,13573.874
16645,2238.3933
16646,3179.123
16647,5843.542
16648,10228.672
16649,10715.955
16650,6545.059
16651,77133.57
16652,13496.856
16653,12213.394
16654,5329.451
16655,3570.9485
16656,8802.842
16657,10647.036
16658,98593.164
16659,5089.46
16660,9507.359
16661,9060.839
16662,4117.0117
16663,11721.999
16664,11438.692
16665,13926.994
16666,9043.89
16667,1951.5006
16668,8175.3525
16669,2916.9177
16670,5428.075
16671,3315.2742
16672,24540.5
16673,9586.71
16674,5467.4653
16675,6219.036
16676,15399.059
16677,16110.554
16678,12290.108
16679,11923.381
16680,2598.2805
16681,10113.64
16682,57392.41
16683,9371.46
16684,8747.605
16685,16675.117
16686,3905.4585
16687,13202.174
16688,91618.31
16689,2951.47
16690,4690.0884
16691,1580.5123
16692,3987.792
16693,6567.635
16694,49016.668
16695,22318.117
16696,2020.7703
16697,4409.1187
16698,8852.951
16699,15055.205
16700,15257.577
16701,14715.43
16702,21672.076
16703,43508.63
16704,16725.72
16705,10130.306
16706,48377.336
16707,82787.93
16708,23968.4
16709,107077.766
16710,17134.412
16711,10904.413
16712,12347.597
16713,5874.0547
16714,14380.852
16715,63264.117
16716,20837.688
16717,4061.6545
16718,5620.9434
16719,9644.029
16720,2058.183
16721,15134.622
16722,19139.932
16723,32376.496
16724,6701.4844
16725,167621.86
16726,11673.229
16727,2457.378
16728,4178.2363
16729,4693.6836
16730,5103.4937
16731,10641.54
16732,6129.616
16733,34756.418
16734,12159.152
16735,6166.396
16736,12225.3955
16737,1730.5256
16738,3538.3005
16739,9739.336
16740,11822.805
16741,10339.21
16742,1899.4315
16743,121111.305
16744,11393.194
16745,6212.7324
16746,20274.947
16747,4042.6147
16748,4629.872
16749,3262.5337
16750,9782.425
16751,10767.505
16752,140766.88
16753,5939.641
16754,9156.402
16755,8165.636
16756,5001.1133
16757,14741.222
16758,15168.021
16759,6740.192
16760,3825.4182
16761,5333.973
16762,5453.0654
16763,4292.025
16764,25356.902
16765,9307.85
16766,3226.5283
16767,10057.91
16768,7069.164
16769,5070.771
16770,60056.848
16771,103318.25
16772,8494.536
16773,2666.5396
16774,3856.1812
16775,19227.98
16776,11158.828
16777,14029.707
16778,4556.2524
16779,12935.812
16780,80525.875
16781,16452.63
16782,5636.467
16783,15864.935
16784,5299.517
16785,2886.0627
16786,5420.928
16787,6845.382
16788,49425.617
16789,8785.043
16790,5238.74
16791,19535.322
16792,15899.247
16793,1714.9736
16794,5365.3438
16795,4929.7065
16796,17867.547
16797,4800.4175
16798,4078.4946
16799,81714.625
16800,7064.0513
16801,2129.3596
16802,67789.53
16803,10157.641
16804,7383.768
16805,48855.4
16806,11229.068
16807,2603.9895
16808,6843.8145
16809,9840.679
16810,5485.7837
16811,6751.027
16812,7081.061
16813,2999.51
16814,3501.661
16815,3859.6543
16816,11214.506
16817,7182.93
16818,6220.824
16819,10446.372
16820,9410.891
16821,59934.9
16822,11476.612
16823,3128.9924
16824,2667.876
16825,9747.448
16826,153172.62
16827,56895.555
16828,115399.38
16829,4831.9673
16830,16582.236
16831,8137.8364
16832,6877.934
16833,7121.915
16834,10358.126
16835,2525.4375
16836,17547.61
16837,9214.372
16838,59708.574
16839,28990.43
16840,8402.732
16841,1399.137
16842,7105.102
16843,17511.074
16844,7682.5005
16845,2518.3574
16846,1083.48
16847,11794.587
16848,12780.426
16849,7631.6914
16850,3019.7124
16851,4387.455
16852,20924.326
16853,5051.75
16854,27101.916
16855,15762.8125
16856,5517.676
16857,2654.437
16858,4834.487
16859,3313.5557
16860,4622.9263
16861,5011.004
16862,5479.5073
16863,2633.9148
16864,12776.691
16865,11389.633
16866,11442.581
16867,3274.4321
16868,27816.896
16869,7415.1113
16870,12083.634
16871,3795.0823
16872,2187.6416
16873,5384.847
16874,12176.143
16875,8104.0767
16876,5965.6934
16877,3619.5344
16878,9832.846
16879,1666.3555
16880,26310.041
16881,49555.215
16882,8624.731
16883,22324.928
16884,12387.457
16885,10388.494
16886,8499.77
16887,10868.997
16888,95499.555
16889,5425.408
16890,8139.331
16891,7280.8794
16892,3212.3281
16893,7061.812
16894,8395.164
16895,7582.6704
16896,8987.669
16897,12818.013
16898,6634.3315
16899,8038.4536
16900,16081.867
16901,4255.222
16902,2745.2905
16903,4672.0356
16904,6224.299
16905,4079.7148
16906,57025.35
16907,38732.098
16908,65821.75
16909,7448.577
16910,16141.961
16911,11030.146
16912,3251.1414
16913,5712.913
16914,134684.53
16915,52672.7
16916,15531.99
16917,36291.73
16918,3983.498
16919,6265.805
16920,6360.2134
16921,9524.158
16922,6071.749
16923,11846.798
16924,99196.36
16925,11058.612
16926,17994.24
16927,16570.703
16928,5381.833
16929,6878.1514
16930,11188.973
16931,5327.8945
16932,71158.03
16933,4082.6338
16934,18429.963
16935,13349.776
16936,11196.373
16937,9078.296
16938,64145.324
16939,6525.4683
16940,14749.065
16941,2274.065
16942,2899.943
16943,22511.959
16944,6068.6826
16945,7884.9536
16946,53166.902
16947,10638.736
16948,3318.7434
16949,2285.805
16950,9285.975
16951,19743.367
16952,2859.088
16953,8341.665
16954,13028.882
16955,11708.1875
16956,13500.26
16957,5877.232
16958,9915.74
16959,1781.6362
16960,121381.6
16961,11405.8125
16962,6152.738
16963,16312.705
16964,60786.008
16965,70806.93
16966,11090.582
16967,9116.4
16968,3755.847
16969,4533.986
16970,1954.8757
16971,8943.504
16972,6968.429
16973,10326.331
16974,2119.6055
16975,11647.873
16976,25554.863
16977,8838.316
16978,7524.043
16979,45092.395
16980,8984.975
16981,9751.532
16982,19135.254
16983,1927.0183
16984,5208.25
16985,6379.964
16986,6275.6636
16987,2197.1511
16988,8746.164
16989,3533.5078
16990,9647.246
16991,4829.817
16992,2231.1106
16993,9089.296
16994,14106.755
16995,10538.048
16996,12769.956
16997,4892.966
16998,2855.2324
16999,4350.951
17000,7795.3975
17001,13550.518
17002,22523.398
17003,89076.41
17004,1960.241
17005,9163.117
17006,2555.9478
17007,8222.67
17008,4498.7593
17009,13832.755
17010,2945.0044
17011,16823.465
17012,9839.591
17013,11914.843
17014,8004.9785
17015,18333.76
17016,7808.457
17017,12981.708
17018,13504.979
17019,6460.384
17020,8233.862
17021,1082.6659
17022,6280.9546
17023,2528.1155
17024,12961.523
17025,12354.283
17026,7918.8384
17027,46319.6
17028,7349.0864
17029,23509.357
17030,27201.512
17031,2777.7397
17032,19196.088
17033,10350.462
17034,173878.08
17035,2326.3528
17036,18187.7
17037,12559.481
17038,22712.977
17039,58077.6
17040,7474.6895
17041,5837.192
17042,36600.47
17043,8800.465
17044,15599.284
17045,15424.734
17046,10686.669
17047,3420.1797
17048,8525.429
17049,5434.568
17050,3903.2524
17051,9169.43
17052,11606.623
17053,8425.183
17054,25953.76
17055,9255.322
17056,8118.6934
17057,38501.938
17058,7967.412
17059,17640.588
17060,42357.58
17061,75451.266
17062,21924.615
17063,7237.4478
17064,105743.34
17065,10438.911
17066,10351.184
17067,12084.807
17068,8668.504
17069,4348.146
17070,11494.91
17071,5133.0444
17072,6489.554
17073,6649.836
17074,6082.9272
17075,6464.732
17076,5421.999
17077,7780.6226
17078,3681.5557
17079,12949.765
17080,5433.329
17081,11350.087
17082,10535.72
17083,3419.8804
17084,9122.643
17085,1977.0607
17086,11129.836
17087,21435.16
17088,5699.711
17089,11566.935
17090,2182.4795
17091,4246.372
17092,7740.374
17093,6926.076
17094,63021.363
17095,9527.082
17096,5989.1035
17097,2727.4033
17098,2991.0146
17099,7819.36
17100,135518.83
17101,7450.043
17102,52905.14
17103,2692.6736
17104,3245.102
17105,5738.281
17106,2170.595
17107,16777.797
17108,6635.112
17109,18105.824
17110,4434.3193
17111,1629.088
17112,3609.251
17113,106547.38
17114,2581.9011
17115,7349.0186
17116,28835.764
17117,14398.706
17118,3996.3162
17119,4794.779
17120,9139.354
17121,13140.837
17122,7320.5796
17123,14368.569
17124,5282.9917
17125,5692.196
17126,14280.777
17127,13471.912
17128,12562.031
17129,13276.649
17130,15860.265
17131,3326.1362
17132,10959.802
17133,8262.675
17134,6893.1304
17135,30157.166
17136,5835.094
17137,10043.299
17138,52802.27
17139,135502.14
17140,8169.6587
17141,12218.506
17142,35979.46
17143,12690.518
17144,6489.6855
17145,13429.193
17146,18325.52
17147,5355.311
17148,3523.5967
17149,5452.897
17150,6066.4497
17151,14387.808
17152,4307.4004
17153,5466.251
17154,2028.0345
17155,14742.074
17156,6765.0386
17157,6839.35
17158,8021.5815
17159,18178.854
17160,12401.48
17161,2786.467
17162,2700.467
17163,7055.046
17164,42797.336
17165,15847.239
17166,36212.04
17167,28528.875
17168,5250.2656
17169,8096.173
17170,1390.4767
17171,6996.332
17172,4723.2617
17173,11464.896
17174,7613.4146
17175,15535.372
17176,85500.31
17177,10569.224
17178,11332.605
17179,1478.524
17180,10397.731
17181,138139.27
17182,46379.516
17183,1866.013
17184,14118.154
17185,11475.956
17186,73758.2
17187,4747.66
17188,12505.377
17189,35866.242
17190,10399.932
17191,30133.309
17192,6479.761
17193,3645.3877
17194,6570.7036
17195,13880.336
17196,8495.519
17197,1863.991
17198,5396.756
17199,13557.509
17200,7408.2456
17201,9035.556
17202,52771.363
17203,45255.145
17204,22820.986
17205,12902.481
17206,5328.532
17207,11178.298
17208,13304.505
17209,5541.142
17210,5561.1387
17211,11470.016
17212,4038.0156
17213,19739.719
17214,6017.6265
17215,9876.198
17216,17728.918
17217,7791.6826
17218,4677.206
17219,28484.916
17220,28371.906
17221,21125.57
17222,57153.996
17223,123934.46
17224,80222.84
17225,4740.2314
17226,51265.418
17227,5565.6875
17228,5299.5923
17229,10618.283
17230,98373.56
17231,26358.95
17232,3144.9456
17233,5825.1978
17234,7738.7515
17235,82896.15
17236,20423.633
17237,124625.62
17238,7572.949
17239,20220.318
17240,11536.875
17241,5647.9946
17242,6798.966
17243,4561.2275
17244,10842.644
17245,13552.738
17246,79049.69
17247,2878.5742
17248,21299.504
17249,9576.932
17250,7929.1895
17251,3612.4365
17252,978.3293
17253,6731.059
17254,11724.989
17255,14183.176
17256,2935.638
17257,10188.562
17258,9217.767
17259,888.65765
17260,8219.438
17261,4171.837
17262,7904.468
17263,6671.9307
17264,43320.297
17265,10456.971
17266,9133.124
17267,9812.939
17268,9170.875
17269,11811.672
17270,1732.7479
17271,9370.436
17272,4226.6626
17273,3640.1157
17274,21150.041
17275,17560.576
17276,10746.744
17277,8814.226
17278,10097.751
17279,11203.742
17280,17755.588
17281,10891.32
17282,17707.066
17283,11459.529
17284,5979.6006
17285,12326.805
17286,12320.941
17287,8773.472
17288,62254.094
17289,7711.855
17290,9715.647
17291,17876.857
17292,7297.682
17293,12477.984
17294,16544.238
17295,7135.132
17296,18203.824
17297,6927.2607
17298,14810.09
17299,21369.06
17300,6132.713
17301,7083.6084
17302,7748.7534
17303,10765.393
17304,11015.524
17305,85559.375
17306,7154.479
17307,3803.9197
17308,7104.7065
17309,11415.594
17310,117588.37
17311,18498.424
17312,8370.364
17313,7639.2915
17314,8865.773
17315,6975.9424
17316,6560.863
17317,28156.188
17318,8708.048
17319,6683.8833
17320,1891.0123
17321,9706.097
17322,2245.9097
17323,20469.256
17324,108740.03
17325,12702.145
17326,8123.8525
17327,6297.221
17328,18696.393
17329,5424.1367
17330,10843.437
17331,129306.945
17332,5952.0664
17333,2333.6865
17334,22220.938
17335,11749.301
17336,3852.0898
17337,10528.057
17338,17170.732
17339,9336.862
17340,15652.885
17341,2397.1611
17342,4388.2573
17343,20025.994
17344,14321.061
17345,15176.782
17346,2264.4111
17347,76569.58
17348,9475.437
17349,11275.457
17350,44413.707
17351,148076.44
17352,34203.39
17353,3808.4014
17354,8676.749
17355,19171.562
17356,15156.719
17357,11221.3545
17358,15212.556
17359,16713.24
17360,91601.53
17361,6639.6626
17362,2773.77
17363,5964.6006
17364,13172.429
17365,13417.654
17366,15180.527
17367,12679.784
17368,1935.8003
17369,106601.11
17370,6032.024
17371,7846.9287
17372,16098.882
17373,16570.076
17374,13921.797
17375,10158.304
17376,20791.66
17377,11425.271
17378,90625.4
17379,8332.091
17380,5303.867
17381,6500.7666
17382,11967.697
17383,11608.358
17384,12535.47
17385,9209.755
17386,108756.39
17387,17790.02
17388,7957.2046
17389,12651.901
17390,9421.5205
17391,24380.322
17392,5684.59
17393,107544.96
17394,10650.968
17395,10411.238
17396,2792.7278
17397,15465.682
17398,4749.6953
17399,2206.6218
17400,19545.094
17401,17178.299
17402,6344.2607
17403,33895.617
17404,10589.718
17405,8437.73
17406,2660.789
17407,9424.782
17408,40841.105
17409,8652.593
17410,7945.9385
17411,8188.8066
17412,40945.668
17413,8529.131
17414,11458.212
17415,8452.042
17416,18614.242
17417,10065.517
17418,10732.304
17419,10773.418
17420,6457.1143
17421,7575.6934
17422,9421.902
17423,34808.99
17424,10320.622
17425,9746.409
17426,11122.046
17427,10754.052
17428,7676.026
17429,56962.17
17430,6875.159
17431,42195.844
17432,6651.6216
17433,11372.643
17434,61708.78
17435,5407.5757
17436,3708.3765
17437,9533.943
17438,10788.526
17439,8007.675
17440,4977.82
17441,43494.88
17442,14754.338
17443,19494.521
17444,16117.047
17445,7814.226
17446,17754.926
17447,9457.572
17448,68621.31
17449,9842.016
17450,10322.939
17451,131717.44
17452,21834.355
17453,3409.5027
17454,3715.5342
17455,9791.992
17456,1722.1644
17457,60622.164
17458,65529.598
17459,10954.597
17460,6522.7656
17461,9848.96
17462,6508.6694
17463,40663.31
17464,11179.352
17465,18994.164
17466,17352.176
17467,10769.537
17468,41304.445
17469,8451.32
17470,4443.945
17471,4797.4863
17472,14338.249
17473,8711.027
17474,15058.361
17475,70576.89
17476,8116.657
17477,6311.2275
17478,22297.902
17479,2901.4592
17480,24809.537
17481,9035.107
17482,17211.887
17483,4962.1606
17484,11221.239
17485,4565.1855
17486,5907.4507
17487,13299.208
17488,7704.3525
17489,14098.757
17490,24689.746
17491,3145.7922
17492,3985.128
17493,14634.774
17494,4468.812
17495,2734.879
17496,88865.52
17497,8876.007
17498,10184.06
17499,16234.51
17500,6964.5425
17501,4524.381
17502,3742.9287
17503,8396.654
17504,20210.035
17505,11181.2295
17506,26691.15
17507,4340.309
17508,113322.88
17509,9834.287
17510,6738.612
17511,11831.498
17512,3092.62
17513,11599.193
17514,11290.474
17515,10338.661
17516,3204.9705
17517,24307.904
17518,15574.932
17519,12242.9
17520,13924.634
17521,7380.5337
17522,22872.148
17523,5023.132
17524,51618.758
17525,9171.905
17526,8819.159
17527,16202.176
17528,2192.4014
17529,13409.705
17530,8069.224
17531,16642.906
17532,7005.9756
17533,94385.68
17534,6498.254
17535,4805.3555
17536,100656.24
17537,5196.5435
17538,4507.449
17539,7687.641
17540,5368.3726
17541,4996.635
17542,51234.082
17543,120305.47
17544,11625.178
17545,7047.264
17546,14649.503
17547,22620.496
17548,4369.0073
17549,10215.363
17550,4051.5605
17551,8185.929
17552,1045.386
17553,17350.748
17554,10267.63
17555,13509.028
17556,11810.481
17557,15408.934
17558,10633.365
17559,2925.85
17560,56917.312
17561,65977.81
17562,3028.1345
17563,31969.377
17564,6450.233
17565,4047.3718
17566,6597.64
17567,5455.8657
17568,9726.753
17569,99023.08
17570,13148.084
17571,28531.346
17572,35617.344
17573,9869.496
17574,6920.335
17575,7604.909
17576,2138.063
17577,27058.418
17578,6151.0317
17579,7312.836
17580,10213.056
17581,40652.117
17582,126001.28
17583,10811.34
17584,67373.984
17585,19037.205
17586,5507.002
17587,6161.6772
17588,19561.572
17589,7300.862
17590,22771.04
17591,8683.582
17592,6137.8057
17593,14559.76
17594,9243.469
17595,6352.745
17596,1384.8878
17597,12235.281
17598,8493.143
17599,9322.023
17600,8312.447
17601,5034.548
17602,8815.582
17603,83326.42
17604,16166.02
17605,4031.2239
17606,9963.021
17607,5926.279
17608,26708.357
17609,12770.611
17610,20494.26
17611,4808.27
17612,12712.493
17613,6019.0654
17614,17989.125
17615,10774.358
17616,12105.67
17617,5100.4106
17618,7089.3276
17619,1399.3146
17620,5926.3833
17621,5275.3843
17622,17481.332
17623,7470.5225
17624,7136.445
17625,6296.1436
17626,9795.605
17627,18383.36
17628,5360.4453
17629,9726.586
17630,9309.314
17631,5423.0747
17632,5973.7085
17633,13048.158
17634,5525.649
17635,10129.675
17636,15376.92
17637,48114.53
17638,7831.5815
17639,5752.68
17640,1785.7566
17641,11292.376
17642,9536.609
17643,16113.88
17644,11718.058
17645,8621.455
17646,9638.203
17647,41561.824
17648,15435.377
17649,8656.364
17650,4274.5293
17651,13676.906
17652,5462.249
17653,2697.1965
17654,157477.16
17655,14297.027
17656,22728.533
17657,58089.805
17658,3946.9133
17659,12737.654
17660,10131.62
17661,5725.477
17662,1376.2781
17663,89143.79
17664,4895.4326
17665,4386.509
17666,5717.4414
17667,17304.773
17668,15978.048
17669,3714.1682
17670,4597.99
17671,4467.3945
17672,9645.206
17673,15875.521
17674,6637.6704
17675,61317.008
17676,15883.633
17677,3548.812
17678,8774.471
17679,9093.696
17680,4876.8247
17681,14214.229
17682,7196.298
17683,27843.297
17684,18862.445
17685,8744.813
17686,3644.5496
17687,6628.8975
17688,9498.799
17689,10932.596
17690,11344.522
17691,4966.7715
17692,4071.1213
17693,15628.186
17694,3399.1492
17695,146773.61
17696,33780.203
17697,98971.195
17698,10904.891
17699,9753.874
17700,11815.123
17701,11752.96
17702,15631.262
17703,9200.698
17704,45263.465
17705,4173.6255
17706,8859.482
17707,12606.833
17708,7888.7134
17709,11295.713
17710,19363.594
17711,16559.34
17712,6804.631
17713,155832.25
17714,7143.975
17715,5903.0854
17716,4264.988
17717,4925.175
17718,1529.5032
17719,6193.033
17720,8518.983
17721,14246.61
17722,11193.434
17723,13599.017
17724,4444.1333
17725,3262.2214
17726,4583.8296
17727,11434.467
17728,40985.63
17729,2223.5542
17730,11007.989
17731,3440.988
17732,10622.353
17733,2417.1912
17734,12903.643
17735,13403.182
17736,5297.356
17737,21669.096
17738,12889.332
17739,9224.345
17740,7553.312
17741,28990.438
17742,7292.9863
17743,83106.414
17744,86109.8
17745,9727.934
17746,36392.8
17747,10221.789
17748,4894.3013
17749,11139.056
17750,10342.717
17751,2037.3971
17752,15069.884
17753,4851.814
17754,15168.921
17755,16521.568
17756,7782.6206
17757,16468.5
17758,7062.1587
17759,6976.4155
17760,5062.2993
17761,3851.8264
17762,9757.255
17763,7543.607
17764,5830.6787
17765,11713.206
17766,1357.5988
17767,89954.87
17768,8312.589
17769,9102.656
17770,15655.667
17771,94048.23
17772,1450.5648
17773,15415.76
17774,4480.282
17775,15744.358
17776,2340.4426
17777,7153.7065
17778,5601.474
17779,144355.97
17780,5772.7734
17781,74566.16
17782,14239.795
17783,2750.016
17784,18947.67
17785,17818.32
17786,13653.96
17787,6060.5664
17788,44284.598
17789,26921.48
17790,6546.0137
17791,120448.89
17792,128588.84
17793,611.2042
17794,10001.968
17795,3689.7441
17796,10902.408
17797,2493.8826
17798,9097.866
17799,6505.8184
17800,12753.255
17801,15802.113
17802,6859.471
17803,14254.554
17804,7343.8867
17805,4806.58
17806,5010.1265
17807,21745.385
17808,11967.205
17809,20956.633
17810,11438.378
17811,7401.8926
17812,2593.5269
17813,3528.8577
17814,13953.075
17815,7485.871
17816,10997.318
17817,3585.7896
17818,36372.63
17819,5616.456
17820,7306.192
17821,6020.196
17822,14636.517
17823,143092.08
17824,6717.0264
17825,9813.179
17826,4586.571
17827,1062.8168
17828,4650.379
17829,6768.319
17830,11807.451
17831,4333.408
17832,99754.945
17833,20002.03
17834,4840.1284
17835,9031.388
17836,5860.8066
17837,4966.6865
17838,11116.12
17839,56125.23
17840,15422.085
17841,59886.832
17842,9649.828
17843,13019.202
17844,4642.943
17845,8244.722
17846,3301.085
17847,5095.001
17848,10782.7295
17849,17259.232
17850,20419.883
17851,14621.587
17852,6505.744
17853,6715.2026
17854,63625.77
17855,2910.0771
17856,8206.276
17857,87561.516
17858,9842.664
17859,4599.9297
17860,11095.674
17861,23912.602
17862,6423.835
17863,9816.571
17864,3196.2466
17865,11655.041
17866,12303.343
17867,5855.0493
17868,3349.54
17869,8290.798
17870,9988.844
17871,16345.488
17872,11404.361
17873,7493.1094
17874,13455.14
17875,20574.463
17876,6271.636
17877,7245.4556
17878,18674.168
17879,8870.849
17880,13563.433
17881,7435.572
17882,4923.17
17883,40295.312
17884,12370.813
17885,8228.178
17886,18727.078
17887,8394.73
17888,2734.0889
17889,31088.6
17890,5970.1323
17891,1937.496
17892,8032.9766
17893,7418.7153
17894,62034.703
17895,5566.8726
17896,9101.279
17897,10684.193
17898,4684.8384
17899,8786.518
17900,14195.565
17901,28898.129
17902,3202.391
17903,8236.7295
17904,40376.707
17905,12017.515
17906,83117.016
17907,6287.58
17908,8779.912
17909,19536.904
17910,18362.488
17911,83566.125
17912,3074.1123
17913,5353.842
17914,95003.22
17915,13137.169
17916,5524.7725
17917,5497.4365
17918,5360.8706
17919,9320.024
17920,17057.586
17921,116997.84
17922,18009.28
17923,2535.2673
17924,4340.41
17925,41707.395
17926,1076.9996
17927,7812.5967
17928,13883.508
17929,91274.2
17930,6123.442
17931,3684.708
17932,10945.694
17933,5134.3296
17934,22097.027
17935,20314.084
17936,4525.6064
17937,87552.375
17938,4359.1294
17939,7357.2373
17940,145243.83
17941,13768.76
17942,13786.41
17943,60267.473
17944,11993.498
17945,32309.967
17946,2696.14
17947,9834.136
17948,8858.173
17949,10332.56
17950,4196.4043
17951,112705.21
17952,12502.856
17953,19206.703
17954,14124.932
17955,8984.436
17956,10674.525
17957,118566.1
17958,7806.8516
17959,7071.367
17960,8206.091
17961,8242.277
17962,13898.522
17963,8174.043
17964,27868.508
17965,6242.4766
17966,16098.849
17967,18879.895
17968,49291.832
17969,65307.305
17970,10891.641
17971,13876.553
17972,38951.527
17973,17729.285
17974,13561.042
17975,58261.145
17976,9347.539
17977,15889.702
17978,40343.35
17979,12842.085
17980,7203.5825
17981,6945.4946
17982,21804.232
17983,2294.9307
17984,46715.24
17985,110083.516
17986,7417.3745
17987,8409.102
17988,7368.624
17989,140629.81
17990,2174.466
17991,12856.667
17992,5133.69
17993,16624.965
17994,9838.182
17995,6962.8022
17996,3880.1333
17997,3466.2893
17998,1873.0399
17999,8964.144
18000,9851.757
18001,3841.85
18002,6547.488
18003,4529.9556
18004,2773.7832
18005,10769.716
18006,3703.0662
18007,13749.734
18008,12553.585
18009,10216.947
18010,11175.686
18011,12225.803
18012,4458.687
18013,12361.772
18014,1034.8534
18015,15966.038
18016,5163.784
18017,21660.697
18018,8795.661
18019,3779.634
18020,5351.1157
18021,44286.457
18022,15437.336
18023,6119.461
18024,14501.328
18025,19547.582
18026,11320.228
18027,126612.836
18028,6779.175
18029,11222.429
18030,13134.899
18031,16492.441
18032,7131.3276
18033,2500.9543
18034,11080.437
18035,11371.79
18036,17041.582
18037,6363.764
18038,117512.555
18039,9723.635
18040,16468.926
18041,4111.1255
18042,16799.582
18043,19662.762
18044,5848.6694
18045,8943.134
18046,2193.6775
18047,13199.447
18048,8414.603
18049,9073.304
18050,9784.082
18051,13591.9375
18052,12285.816
18053,61549.887
18054,7018.3887
18055,15329.805
18056,7263.432
18057,4969.6084
18058,1973.2626
18059,10095.145
18060,9735.349
18061,47455.83
18062,9145.963
18063,14590.234
18064,4300.8477
18065,7784.019
18066,34218.67
18067,15052.247
18068,5117.7793
18069,1587.2648
18070,9463.718
18071,7688.261
18072,13729.432
18073,5891.338
18074,39113.89
18075,1870.0083
18076,7799.556
18077,6672.66
18078,14989.424
18079,7977.213
18080,5730.8813
18081,10881.801
18082,13417.3125
18083,2623.0347
18084,2022.9193
18085,7818.3403
18086,5023.952
18087,1869.0645
18088,10675.128
18089,35121.742
18090,7929.954
18091,12030.529
18092,11853.755
18093,24388.791
18094,8133.1753
18095,13236.27
18096,17201.334
18097,16522.516
18098,1866.1279
18099,13330.288
18100,13888.973
18101,4493.0947
18102,18267.867
18103,6535.7334
18104,6461.881
18105,5700.401
18106,7827.709
18107,10569.771
18108,6554.057
18109,14437.88
18110,10886.683
18111,3635.8564
18112,16717.623
18113,16795.191
18114,4562.08
18115,4635.1865
18116,2985.5603
18117,50306.01
18118,2426.7136
18119,98422.97
18120,15479.518
18121,57841.11
18122,8955.966
18123,3338.202
18124,7476.93
18125,6562.587
18126,9731.388
18127,2594.9934
18128,2535.505
18129,13081.273
18130,19630.854
18131,78180.63
18132,57342.805
18133,11222.261
18134,1800.486
18135,49091.844
18136,60547.15
18137,9870.176
18138,1138.9564
18139,59617.016
18140,11926.949
18141,11885.587
18142,178090.81
18143,13026.355
18144,97628.09
18145,13493.478
18146,27888.248
18147,17292.674
18148,4580.982
18149,10343.298
18150,6292.6865
18151,13743.307
18152,4131.5854
18153,3253.074
18154,6018.4536
18155,1618.4984
18156,3253.0928
18157,12635.013
18158,3643.8389
18159,2392.7778
18160,7492.355
18161,8028.45
18162,29477.135
18163,14161.344
18164,15700.457
18165,5315.363
18166,6361.264
18167,61215.45
18168,2530.8884
18169,5806.764
18170,46489.098
18171,10518.405
18172,24905.66
18173,5203.739
18174,12467.572
18175,13013.875
18176,8960.193
18177,1734.6938
18178,2234.8074
18179,53188.74
18180,10882.117
18181,4583.205
18182,2081.2834
18183,6453.0835
18184,13394.086
18185,1069.9283
18186,3000.971
18187,8752.602
18188,89361.0
18189,3008.8608
18190,7768.321
18191,11589.025
18192,14460.277
18193,6854.913
18194,22784.412
18195,19052.041
18196,97080.74
18197,1826.7819
18198,15587.674
18199,4449.6763
18200,9646.846
18201,1611.05
18202,5453.482
18203,49803.2
18204,7512.225
18205,9082.57
18206,16495.768
18207,5312.0557
18208,2135.097
18209,7894.94
18210,4213.873
18211,6340.6665
18212,42589.168
18213,3994.2014
18214,14681.98
18215,11184.815
18216,29995.594
18217,14254.933
18218,14756.671
18219,9286.392
18220,3315.9648
18221,11142.095
18222,9600.726
18223,81631.12
18224,8851.668
18225,10891.89
18226,18198.844
18227,5228.942
18228,10147.755
18229,4003.0225
18230,20222.514
18231,8529.04
18232,53777.656
18233,5742.9966
18234,4357.952
18235,9214.538
18236,6412.3286
18237,8198.126
18238,10553.211
18239,16125.007
18240,12375.384
18241,4712.875
18242,6562.176
18243,10764.261
18244,14407.425
18245,11425.337
18246,8120.075
18247,74832.97
18248,15205.248
18249,5891.591
18250,39947.77
18251,4267.5327
18252,18861.988
18253,12464.301
18254,18825.502
18255,10954.924
18256,11554.638
18257,96829.61
18258,2623.1729
18259,8171.988
18260,6224.469
18261,5496.541
18262,16310.722
18263,18534.727
18264,13192.679
18265,113847.91
18266,12489.309
18267,11632.459
18268,5109.522
18269,6170.6714
18270,5292.714
18271,10698.272
18272,129694.61
18273,11407.16
18274,18055.236
18275,2366.3862
18276,17864.824
18277,6117.3286
18278,10847.221
18279,4731.175
18280,6799.293
18281,9015.891
18282,5701.966
18283,49701.848
18284,8672.995
18285,13680.082
18286,8815.684
18287,6751.508
18288,13188.411
18289,11371.458
18290,7510.9033
18291,9858.234
18292,12744.822
18293,18807.94
18294,10769.173
18295,73171.69
18296,15198.604
18297,8239.876
18298,85761.86
18299,10958.436
18300,1863.7891
18301,2582.002
18302,9527.949
18303,4503.068
18304,4829.283
18305,4437.395
18306,16948.768
18307,9809.723
18308,18911.342
18309,10766.869
18310,8195.769
18311,13476.493
18312,13517.228
18313,10478.994
18314,6338.522
18315,14304.83
18316,12691.976
18317,10641.537
18318,101021.78
18319,84259.62
18320,5570.0454
18321,14743.981
18322,20843.686
18323,5753.7446
18324,50031.71
18325,7308.7144
18326,4456.906
18327,17531.828
18328,4130.679
18329,9712.711
18330,9040.191
18331,13120.946
18332,8434.601
18333,14253.519
18334,11245.305
18335,64657.605
18336,2938.389
18337,14415.916
18338,4511.933
18339,2978.4365
18340,65996.87
18341,22491.281
18342,5268.2124
18343,12400.589
18344,13825.874
18345,12156.068
18346,8621.295
18347,18705.084
18348,11836.67
18349,9446.286
18350,9812.544
18351,8071.1104
18352,8587.516
18353,13647.929
18354,7180.6885
18355,11094.309
18356,128423.39
18357,13062.446
18358,9265.314
18359,32707.31
18360,5643.4937
18361,10017.65
18362,95078.39
18363,86567.26
18364,6864.1875
18365,6898.6
18366,4924.2476
18367,8919.528
18368,1469.6702
18369,4445.7827
18370,1976.1285
18371,3808.793
18372,7480.1997
18373,86638.27
18374,5221.1855
18375,115924.35
18376,5762.8013
18377,14398.191
18378,14534.623
18379,6431.938
18380,138511.44
18381,9057.813
18382,6853.594
18383,8967.195
18384,9623.251
18385,4165.9
18386,10314.556
18387,10267.743
18388,1499.5504
18389,7856.4033
18390,8229.883
18391,6030.5967
18392,7288.725
18393,9964.408
18394,93002.52
18395,4834.0605
18396,16622.02
18397,14470.688
18398,55478.84
18399,38140.18
18400,2380.5723
18401,66522.0
18402,10945.842
18403,7700.53
18404,5543.518
18405,91846.98
18406,4489.961
18407,5022.718
18408,10983.327
18409,13727.359
18410,7906.827
18411,25658.229
18412,7715.4336
18413,5150.457
18414,9993.252
18415,19934.979
18416,2897.6492
18417,2076.3972
18418,66001.62
18419,2222.9714
18420,9750.079
18421,5987.6553
18422,6767.412
18423,20529.414
18424,78368.44
18425,13349.268
18426,4410.283
18427,132407.08
18428,7409.4277
18429,6686.229
18430,19507.777
18431,4583.2236
18432,5229.055
18433,8020.094
18434,10448.292
18435,8351.273
18436,9469.136
18437,11505.055
18438,10927.091
18439,13002.401
18440,12268.246
18441,83023.28
18442,53232.812
18443,19528.9
18444,3200.0974
18445,14472.551
18446,2523.8406
18447,4352.7334
18448,12170.728
18449,2787.153
18450,71553.62
18451,9869.107
18452,16105.986
18453,9288.723
18454,7121.3804
18455,13479.044
18456,10389.062
18457,10689.245
18458,897.8196
18459,2017.297
18460,3691.927
18461,9145.16
18462,11309.777
18463,5345.7026
18464,1774.9666
18465,12394.311
18466,8287.632
18467,3331.4988
18468,5832.749
18469,27404.781
18470,7527.634
18471,5238.7314
18472,99458.375
18473,6601.164
18474,5596.796
18475,12757.85
18476,11493.336
18477,23181.332
18478,56998.48
18479,13629.797
18480,9397.526
18481,23927.02
18482,15785.548
18483,13126.805
18484,27929.781
18485,10673.514
18486,8263.68
18487,65837.055
18488,9669.356
18489,9130.995
18490,4280.838
18491,15961.118
18492,6616.6475
18493,12476.982
18494,15871.295
18495,11216.413
18496,69983.914
18497,2060.5574
18498,7475.4937
18499,59890.617
18500,8169.089
18501,12047.3125
18502,2758.9673
18503,2315.6135
18504,13764.239
18505,11568.155
18506,15065.74
18507,55942.926
18508,13245.624
18509,18816.4
18510,8251.26
18511,16273.913
18512,10586.351
18513,2709.5518
18514,6486.9126
18515,1543.5316
18516,6407.283
18517,4332.688
18518,22950.502
18519,14245.707
18520,8789.855
18521,5260.11
18522,103704.836
18523,10544.888
18524,4872.7393
18525,1504.5896
18526,47945.12
18527,89247.71
18528,5558.561
18529,13680.803
18530,5555.041
18531,7053.5386
18532,16277.059
18533,10544.73
18534,14527.241
18535,5883.252
18536,5166.4263
18537,8437.411
18538,7746.6836
18539,14624.154
18540,11767.402
18541,6466.7944
18542,8668.333
18543,8966.717
18544,8178.233
18545,4099.831
18546,13760.046
18547,4215.854
18548,3578.7834
18549,15078.416
18550,8345.811
18551,48071.633
18552,8417.131
18553,9581.931
18554,71639.4
18555,11821.026
18556,12705.216
18557,118678.05
18558,1599.118
18559,15152.628
18560,1386.8116
18561,7962.9224
18562,10422.529
18563,11298.739
18564,8262.153
18565,41532.434
18566,5282.2656
18567,6868.1143
18568,5790.6963
18569,13336.4795
18570,6403.1196
18571,4365.8105
18572,5718.046
18573,5321.885
18574,2124.2021
18575,6690.0947
18576,7576.129
18577,5830.6553
18578,18287.766
18579,9998.279
18580,11958.8955
18581,1152.5195
18582,11752.128
18583,39173.297
18584,6903.752
18585,18182.377
18586,7707.963
18587,17237.6
18588,14493.17
18589,31596.697
18590,8827.45
18591,16975.143
18592,15532.241
18593,14134.033
18594,4125.5176
18595,4669.3994
18596,2041.8876
18597,91744.51
18598,11474.87
18599,12664.819
18600,4293.339
18601,13887.522
18602,4179.3604
18603,18035.74
18604,96195.77
18605,9326.851
18606,16989.11
18607,4561.2734
18608,11522.083
18609,2753.582
18610,15192.749
18611,1534.4752
18612,19252.174
18613,12031.327
18614,17556.193
18615,3245.5422
18616,6949.7104
18617,1095.1516
18618,53507.28
18619,11990.878
18620,69289.73
18621,10574.95
18622,6544.4854
18623,72479.56
18624,15670.208
18625,10499.724
18626,8138.2686
18627,8337.236
18628,56086.67
18629,2129.3838
18630,16969.775
18631,9951.22
18632,56375.37
18633,9093.894
18634,9118.44
18635,58222.312
18636,1653.2551
18637,124619.49
18638,3402.033
18639,89845.2
18640,4381.7524
18641,8188.762
18642,10789.113
18643,5222.535
18644,11359.629
18645,12715.709
18646,8160.463
18647,14015.078
18648,19393.479
18649,6243.777
18650,10891.471
18651,5849.693
18652,8813.823
18653,8795.082
18654,10470.217
18655,10333.787
18656,15886.835
18657,3823.432
18658,14589.668
18659,16705.71
18660,16921.139
18661,69046.695
18662,14514.832
18663,17513.076
18664,76096.97
18665,5724.005
18666,63134.52
18667,13562.739
18668,15625.267
18669,3246.3003
18670,101810.94
18671,11228.707
18672,8051.0786
18673,90553.62
18674,60076.707
18675,6195.0005
18676,7473.6904
18677,13461.655
18678,3762.4546
18679,2635.0793
18680,146669.44
18681,11691.438
18682,2250.89
18683,6539.625
18684,5902.461
18685,1170.8899
18686,5845.828
18687,16177.495
18688,33240.59
18689,9416.562
18690,68730.54
18691,1781.6465
18692,5401.5767
18693,10953.686
18694,39347.2
18695,6692.1665
18696,33177.758
18697,12802.797
18698,6877.6514
18699,13530.883
18700,10287.695
18701,7878.8276
18702,8687.872
18703,66402.31
18704,10719.884
18705,6251.0947
18706,8902.098
18707,4158.849
18708,10955.712
18709,3296.2441
18710,14279.765
18711,15234.826
18712,2581.533
18713,12661.855
18714,20310.479
18715,76921.695
18716,2237.5852
18717,4926.7617
18718,61904.98
18719,12109.866
18720,9803.884
18721,4286.9253
18722,110055.93
18723,6126.843
18724,11209.807
18725,34066.316
18726,39052.953
18727,13104.978
18728,18085.062
18729,6002.019
18730,17803.059
18731,11613.261
18732,10941.114
18733,12922.503
18734,6211.8794
18735,5430.3247
18736,6191.856
18737,8851.689
18738,8172.0835
18739,7414.5063
18740,1438.057
18741,80548.555
18742,11797.429
18743,16624.246
18744,60965.434
18745,10439.114
18746,5736.747
18747,17909.852
18748,9915.834
18749,17972.266
18750,12724.52
18751,6560.8936
18752,10088.453
18753,41210.676
18754,2067.5613
18755,22854.498
18756,13222.18
18757,4157.179
18758,6997.0396
18759,11361.145
18760,9371.551
18761,5848.0176
18762,7432.066
18763,9490.149
18764,6307.547
18765,10069.529
18766,18378.557
18767,5634.6274
18768,4712.184
18769,55380.9
18770,7891.487
18771,15086.178
18772,5161.6606
18773,9072.0205
18774,7613.1304
18775,11963.361
18776,38734.76
18777,12694.573
18778,35742.906
18779,8161.662
18780,17267.72
18781,9567.575
18782,19592.46
18783,3473.6519
18784,1594.4998
18785,77685.41
18786,19041.346
18787,5185.009
18788,16081.82
18789,8972.278
18790,9237.483
18791,12017.768
18792,85499.77
18793,6435.7266
18794,9883.408
18795,12917.531
18796,5184.0317
18797,28331.064
18798,6763.116
18799,3559.3616
18800,8789.67
18801,9917.553
18802,1881.9641
18803,8593.488
18804,7712.7827
18805,81309.96
18806,109461.4
18807,10755.877
18808,2610.3547
18809,13100.809
18810,15461.031
18811,1053.1917
18812,2417.2173
18813,13803.774
18814,13577.943
18815,1974.024
18816,7990.586
18817,11139.858
18818,5114.2007
18819,5646.69
18820,11646.787
18821,134312.34
18822,10531.175
18823,78893.98
18824,7292.2646
18825,36678.492
18826,7496.526
18827,13870.865
18828,8700.759
18829,12705.26
18830,68529.47
18831,7241.087
18832,8712.712
18833,5792.297
18834,5593.3335
18835,6922.7383
18836,16375.163
18837,15526.903
18838,1583.3508
18839,3304.936
18840,1968.5566
18841,13576.516
18842,15746.048
18843,5998.273
18844,7342.493
18845,2090.0112
18846,40926.246
18847,7393.8857
18848,6239.3843
18849,140769.0
18850,9971.335
18851,5418.2026
18852,4447.597
18853,8445.43
18854,6195.715
18855,7585.9155
18856,87225.86
18857,3312.802
18858,8725.663
18859,9171.58
18860,5713.208
18861,4428.598
18862,6029.3643
18863,14019.67
18864,5243.6553
18865,15004.136
18866,16677.209
18867,2930.8494
18868,1676.8778
18869,53943.55
18870,82651.92
18871,7735.2466
18872,21999.053
18873,13547.915
18874,14223.895
18875,13386.629
18876,7327.545
18877,107757.45
18878,3033.5586
18879,12153.292
18880,7842.0615
18881,7145.184
18882,18531.523
18883,7067.874
18884,41809.934
18885,4527.363
18886,13045.992
18887,9801.204
18888,7144.245
18889,17528.002
18890,18684.492
18891,10581.084
18892,21849.191
18893,14217.343
18894,21151.387
18895,7661.682
18896,14310.905
18897,11546.896
18898,12238.2
18899,9024.142
18900,10560.832
18901,66848.01
18902,8172.1846
18903,6504.122
18904,33189.668
18905,14110.976
18906,2815.348
18907,34345.344
18908,50853.605
18909,11307.643
18910,2924.2188
18911,5803.848
18912,76309.26
18913,2486.6042
18914,4978.3535
18915,18527.973
18916,15277.112
18917,1391.6544
18918,3381.369
18919,10860.954
18920,5462.064
18921,11597.46
18922,14135.178
18923,4481.561
18924,82703.68
18925,9894.033
18926,5268.568
18927,7127.5034
18928,8305.68
18929,6892.8916
18930,1990.8489
18931,2029.0964
18932,101924.3
18933,10329.07
18934,10853.568
18935,16233.742
18936,4042.9346
18937,21485.621
18938,15139.61
18939,7592.821
18940,5776.1694
18941,35485.2
18942,15383.873
18943,11792.834
18944,12388.915
18945,11939.256
18946,15994.938
18947,5943.7847
18948,8531.026
18949,4380.4946
18950,1963.8073
18951,9205.244
18952,7556.337
18953,4341.7666
18954,15947.234
18955,3769.3328
18956,14179.294
18957,9458.263
18958,12857.481
18959,4229.318
18960,16570.744
18961,2045.0985
18962,12023.342
18963,21249.586
18964,17770.645
18965,1856.9933
18966,5946.312
18967,4235.188
18968,9207.96
18969,8853.823
18970,12376.778
18971,3365.8784
18972,1485.9583
18973,15190.548
18974,6586.1855
18975,7351.3193
18976,8782.761
18977,7408.6567
18978,5987.7773
18979,7957.0693
18980,45406.406
18981,60429.99
18982,36927.363
18983,10851.475
18984,14153.631
18985,7324.189
18986,7098.555
18987,4733.5693
18988,5441.9683
18989,4095.9797
18990,9253.492
18991,8339.972
18992,4049.7776
18993,6723.8105
18994,11123.312
18995,5307.81
18996,1552.119
18997,2677.5762
18998,4396.3276
18999,9431.938
19000,9680.733
19001,6434.042
19002,23903.24
19003,7446.625
19004,14807.36
19005,135725.31
19006,13113.292
19007,15110.858
19008,11623.994
19009,11107.948
19010,7039.0723
19011,14981.264
19012,11617.684
19013,8383.075
19014,10577.414
19015,18446.266
19016,2904.4592
19017,5724.545
19018,6620.689
19019,5057.7676
19020,14428.201
19021,7148.5205
19022,16995.89
19023,10526.688
19024,12855.256
19025,17325.42
19026,13054.442
19027,5201.216
19028,6084.963
19029,6102.937
19030,75785.04
19031,8185.6196
19032,23563.719
19033,12286.279
19034,5848.739
19035,11202.7
19036,5187.4424
19037,13840.902
19038,3351.1873
19039,7377.875
19040,12823.059
19041,5562.0537
19042,40689.63
19043,3904.9846
19044,13234.721
19045,9686.757
19046,95555.65
19047,6332.502
19048,45140.746
19049,4340.237
19050,9038.32
19051,20451.42
19052,3826.058
19053,4745.9414
19054,5964.4927
19055,12055.649
19056,1359.611
19057,2317.3704
19058,2878.8655
19059,16073.473
19060,10025.207
19061,6472.6543
19062,18152.764
19063,12131.424
19064,6008.6113
19065,9402.538
19066,22139.531
19067,18267.844
19068,13682.181
19069,4463.377
19070,16528.152
19071,1458.64
19072,5560.768
19073,50381.88
19074,142918.16
19075,4702.1963
19076,15733.449
19077,6387.135
19078,49855.324
19079,7408.2896
19080,5499.418
19081,6755.66
19082,95753.17
19083,13870.345
19084,8454.924
19085,48548.42
19086,8022.1797
19087,18205.475
19088,5908.59
19089,5995.2935
19090,4192.184
19091,17523.531
19092,121857.55
19093,10687.2295
19094,17970.967
19095,10605.662
19096,19406.312
19097,5339.522
19098,9918.489
19099,23652.217
19100,17249.234
19101,6784.3877
19102,68805.27
19103,6904.891
19104,51393.86
19105,19138.031
19106,4542.133
19107,9172.003
19108,32515.262
19109,6748.8823
19110,7290.473
19111,86623.6
19112,9970.948
19113,81140.016
19114,6951.7285
19115,74242.28
19116,5434.359
19117,5381.4014
19118,7563.3545
19119,8992.303
19120,9038.355
19121,5979.6685
19122,14936.303
19123,8505.393
19124,13322.741
19125,44499.76
19126,12375.103
19127,4954.334
19128,4746.629
19129,10425.83
19130,4522.458
19131,16158.47
19132,9257.237
19133,3851.2246
19134,5340.8613
19135,6833.301
19136,11751.422
19137,12172.104
19138,9340.394
19139,5983.5625
19140,5888.843
19141,8220.283
19142,16337.95
19143,2399.8303
19144,16217.206
19145,6502.4478
19146,3710.631
19147,16686.072
19148,5232.734
19149,7964.1006
19150,12772.433
19151,9708.198
19152,6023.3267
19153,6100.022
19154,4071.5527
19155,14735.394
19156,9625.894
19157,3700.3677
19158,16159.421
19159,4527.155
19160,10822.028
19161,5713.063
19162,5202.459
19163,6440.435
19164,4737.192
19165,90944.22
19166,12041.142
19167,4796.5557
19168,81962.27
19169,8184.4917
19170,38353.99
19171,7294.39
19172,23306.104
19173,5662.926
19174,111673.38
19175,58684.867
19176,3230.3765
19177,8221.307
19178,4448.166
19179,9462.903
19180,35898.8
19181,5558.756
19182,11336.341
19183,86521.78
19184,6395.8545
19185,8263.32
19186,847.06635
19187,6799.3687
19188,15605.517
19189,6768.722
19190,4848.592
19191,12374.038
19192,7812.427
19193,15827.589
19194,58019.574
19195,12629.761
19196,3796.0703
19197,27084.703
19198,10847.198
19199,141358.89
19200,65073.96
19201,14557.154
19202,12095.737
19203,7783.8086
19204,9071.884
19205,8406.519
19206,1071.9154
19207,16407.19
19208,872.65063
19209,12587.826
19210,7441.048
19211,14099.434
19212,5080.1104
19213,161262.33
19214,3643.9697
19215,11819.217
19216,23436.771
19217,1698.8866
19218,1599.9077
19219,14584.528
19220,40039.348
19221,6383.8877
19222,8065.342
19223,2268.3108
19224,15302.294
19225,26895.004
19226,7185.5234
19227,2189.0864
19228,7613.8027
19229,15976.375
19230,5352.4097
19231,14594.582
19232,5568.021
19233,11493.474
19234,5331.596
19235,4379.674
19236,11684.77
19237,4841.586
19238,18359.861
19239,5202.9136
19240,18174.186
19241,15916.68
19242,109449.18
19243,7421.627
19244,5920.3564
19245,8606.568
19246,76416.06
19247,25786.164
19248,30950.672
19249,8781.222
19250,13858.509
19251,110647.164
19252,9645.658
19253,3206.7742
19254,12395.992
19255,14824.705
19256,16423.771
19257,4639.4746
19258,8859.097
19259,9568.287
19260,4448.409
19261,120097.83
19262,94936.195
19263,3273.8538
19264,9258.823
19265,106621.13
19266,7929.2563
19267,5561.338
19268,21714.592
19269,1600.4576
19270,9120.782
19271,17147.11
19272,9157.828
19273,11508.424
19274,17700.395
19275,5330.02
19276,17203.717
19277,7416.735
19278,9475.535
19279,75142.77
19280,55099.957
19281,106431.305
19282,121949.086
19283,6754.47
19284,13287.4375
19285,8703.604
19286,6204.001
19287,11532.421
19288,9506.437
19289,14490.212
19290,12734.051
19291,39415.453
19292,8881.478
19293,12608.481
19294,96515.875
19295,15631.377
19296,10692.046
19297,4060.5435
19298,47802.043
19299,5330.79
19300,7681.0894
19301,14673.484
19302,8636.088
19303,5317.4233
19304,6706.9463
19305,5853.975
19306,19075.375
19307,80438.73
19308,2241.1826
19309,35475.65
19310,6636.5815
19311,8339.997
19312,10351.334
19313,11193.868
19314,10899.552
19315,6683.486
19316,5555.6934
19317,5569.1426
19318,23922.832
19319,3304.4644
19320,14716.052
19321,126787.97
19322,13306.335
19323,5075.2183
19324,7558.7935
19325,11567.781
19326,2164.1614
19327,20491.676
19328,7292.2285
19329,13679.867
19330,12749.467
19331,56540.324
19332,3598.7344
19333,4615.937
19334,7651.4136
19335,10921.478
19336,10701.043
19337,2806.2432
19338,17074.326
19339,5431.5444
19340,15419.749
19341,4993.3105
19342,7421.996
19343,97599.15
19344,6658.353
19345,3738.214
19346,90741.17
19347,6142.609
19348,38987.48
19349,15490.62
19350,4835.739
19351,37877.49
19352,3140.0144
19353,1867.8065
19354,7045.763
19355,4448.8726
19356,22760.28
19357,5129.2476
19358,4999.896
19359,12188.488
19360,145011.58
19361,16153.682
19362,6833.9595
19363,8972.585
19364,12698.142
19365,11604.196
19366,4121.529
19367,105573.586
19368,14940.499
19369,11872.278
19370,7117.657
19371,19694.213
19372,90306.42
19373,9149.6
19374,35255.85
19375,7051.6587
19376,6274.8926
19377,3247.0754
19378,15813.433
19379,3819.8726
19380,18578.227
19381,4800.3257
19382,1917.5936
19383,7829.602
19384,5615.219
19385,4970.2344
19386,5511.128
19387,6623.389
19388,43254.59
19389,7929.131
19390,13736.673
19391,6727.2925
19392,5130.7754
19393,6980.9956
19394,10472.273
19395,9183.265
19396,5167.157
19397,14528.988
19398,10079.386
19399,11970.784
19400,17980.709
19401,11045.41
19402,8397.735
19403,20853.996
19404,23357.7
19405,11193.052
19406,32215.742
19407,11023.72
19408,8833.073
19409,6513.484
19410,10841.089
19411,4225.4717
19412,6754.8164
19413,70964.89
19414,14716.271
19415,1550.6659
19416,10045.798
19417,1719.5892
19418,10899.567
19419,4655.6646
19420,12996.019
19421,42392.777
19422,13717.649
19423,7301.034
19424,26835.37
19425,13517.853
19426,8529.357
19427,7000.518
19428,5721.517
19429,81501.664
19430,7597.9365
19431,18031.748
19432,14624.168
19433,65695.805
19434,6840.461
19435,119200.984
19436,9895.248
19437,3720.7908
19438,7916.101
19439,9886.359
19440,7070.2837
19441,103431.08
19442,29164.566
19443,13637.848
19444,71987.29
19445,108673.016
19446,6911.3623
19447,2800.3242
19448,16922.629
19449,7096.8877
19450,5040.988
19451,10135.606
19452,50084.89
19453,4777.946
19454,11241.992
19455,4505.7744
19456,13901.725
19457,6214.6606
19458,4556.188
19459,6442.1294
19460,6430.4683
19461,36731.832
19462,5929.4126
19463,19378.46
19464,9874.398
19465,93238.51
19466,42826.688
19467,9161.02
19468,5687.7686
19469,13087.739
19470,6948.3926
19471,11531.269
19472,7838.3003
19473,8083.5645
19474,9993.723
19475,2627.9106
19476,43019.316
19477,15667.445
19478,15058.469
19479,3154.023
19480,8048.16
19481,141814.11
19482,10936.773
19483,98887.18
19484,49553.926
19485,108873.66
19486,3869.9512
19487,9473.23
19488,4514.637
19489,4001.281
19490,11951.39
19491,8982.649
19492,12785.246
19493,1939.5759
19494,3154.788
19495,28333.0
19496,8871.941
19497,4305.4478
19498,102484.81
19499,25625.498
19500,3269.5642
19501,12732.363
19502,13623.906
19503,11137.575
19504,11123.414
19505,9331.584
19506,10067.209
19507,4886.6274
19508,17923.496
19509,3778.9124
19510,4910.647
19511,3973.9883
19512,42616.008
19513,44353.234
19514,7337.2354
19515,13612.867
19516,837.1449
19517,87296.96
19518,5509.8667
19519,17542.56
19520,15117.901
19521,1833.8973
19522,5454.578
19523,7112.834
19524,23425.469
19525,13235.387
19526,8031.2534
19527,3026.8289
19528,6405.6074
19529,2884.4666
19530,12918.473
19531,14209.419
19532,8249.152
19533,2335.8186
19534,13439.038
19535,9760.26
19536,8559.982
19537,8749.685
19538,9451.646
19539,7105.171
19540,14765.704
19541,14546.861
19542,12513.56
19543,5590.503
19544,9139.81
19545,11376.11
19546,15087.265
19547,7073.102
19548,13716.354
19549,2465.3188
19550,15200.252
19551,3886.8567
19552,115000.164
19553,10030.255
19554,7621.008
19555,5080.3926
19556,81277.41
19557,21821.875
19558,5339.401
19559,6346.501
19560,10625.153
19561,22041.66
19562,4709.7373
19563,5746.9116
19564,3638.884
19565,7891.4604
19566,18431.389
19567,3280.1208
19568,32359.09
19569,6144.753
19570,7728.538
19571,2173.0356
19572,8080.1055
19573,15270.74
19574,26457.078
19575,9438.63
19576,29640.787
19577,4661.9575
19578,90104.125
19579,5134.4175
19580,7614.3975
19581,1410.5743
19582,6861.924
19583,3387.0793
19584,10249.824
19585,45402.703
19586,9993.158
19587,6776.9585
19588,7249.0684
19589,2184.3499
19590,17064.168
19591,6601.928
19592,9167.319
19593,10977.108
19594,110248.67
19595,9601.685
19596,3895.978
19597,6051.9717
19598,19303.924
19599,112750.77
19600,14571.267
19601,5240.4854
19602,3138.1077
19603,123971.195
19604,2350.126
19605,6649.4136
19606,87944.56
19607,3788.2356
19608,4485.528
19609,20854.016
19610,7081.788
19611,10321.082
19612,6158.414
19613,5404.3447
19614,21440.584
19615,15808.054
19616,8719.222
19617,6731.045
19618,31938.266
19619,6363.123
19620,14435.143
19621,8535.819
19622,11488.264
19623,6935.4414
19624,15378.023
19625,11142.421
19626,1111.7295
19627,13949.933
19628,7348.618
19629,5350.704
19630,8475.35
19631,52854.17
19632,67293.945
19633,7168.55
19634,3789.689
19635,31711.494
19636,13666.432
19637,1088.1127
19638,10089.222
19639,3491.459
19640,121533.24
19641,11426.5
19642,98645.45
19643,3910.4297
19644,44599.777
19645,7290.736
19646,52399.7
19647,71863.11
19648,6459.1997
19649,6175.59
19650,8289.572
19651,73991.445
19652,9470.778
19653,9681.517
19654,3482.85
19655,4089.3286
19656,6455.828
19657,4411.5205
19658,8373.232
19659,3999.2495
19660,57803.71
19661,7473.7427
19662,9307.482
19663,6477.8213
19664,8639.764
19665,10363.115
19666,8578.291
19667,5645.82
19668,4904.7754
19669,4162.754
19670,5193.9956
19671,3746.0076
19672,15192.878
19673,13559.256
19674,147467.92
19675,10242.82
19676,22530.568
19677,10066.206
19678,14696.492
19679,13959.488
19680,15408.012
19681,13326.5625
19682,6612.6143
19683,12244.392
19684,9073.733
19685,2870.9707
19686,7477.163
19687,3323.8584
19688,14699.552
19689,6264.497
19690,2185.179
19691,6047.2593
19692,9881.221
19693,7944.4873
19694,4656.0083
19695,5317.0146
19696,9733.109
19697,5783.9307
19698,2865.1553
19699,3403.8018
19700,13539.911
19701,5665.0063
19702,65847.8
19703,8588.791
19704,5321.801
19705,137852.7
19706,41017.14
19707,14020.82
19708,6986.2026
19709,10453.127
19710,36982.023
19711,5767.0605
19712,12579.591
19713,5916.9297
19714,19750.908
19715,7032.5674
19716,9415.74
19717,2888.0503
19718,10411.055
19719,16448.46
19720,19826.879
19721,11527.625
19722,14143.363
19723,6170.131
19724,12103.579
19725,2562.3079
19726,18008.39
19727,14043.6
19728,15458.409
19729,1694.702
19730,4573.8247
19731,5374.86
19732,5336.661
19733,9213.38
19734,16511.879
19735,6438.8833
19736,6919.6323
19737,10963.333
19738,8579.962
19739,5104.293
19740,4865.6533
19741,5449.086
19742,6729.0947
19743,16212.708
19744,11285.574
19745,5287.844
19746,108964.12
19747,13744.911
19748,10532.901
19749,6605.626
19750,20080.43
19751,3281.619
19752,81932.25
19753,9660.521
19754,8212.022
19755,11729.2705
19756,15194.272
19757,11949.772
19758,7267.271
19759,68913.25
19760,8861.933
19761,17977.99
19762,16038.378
19763,2362.3193
19764,8176.2695
19765,9644.776
19766,1511.7891
19767,4576.8965
19768,19896.174
19769,8995.724
19770,1456.2631
19771,9573.289
19772,7172.2085
19773,14041.326
19774,12713.315
19775,68965.945
19776,4400.261
19777,12947.742
19778,10816.986
19779,7421.763
19780,105733.29
19781,12328.178
19782,18928.908
19783,5884.0454
19784,12087.61
19785,153730.88
19786,10870.934
19787,7887.9995
19788,12873.109
19789,6033.9536
19790,11732.242
19791,13545.227
19792,16804.842
19793,4246.6484
19794,35386.75
19795,8714.292
19796,11747.9375
19797,10831.985
19798,9142.791
19799,17012.414
19800,4288.674
19801,17766.305
19802,13520.711
19803,6575.0195
19804,5045.6416
19805,10338.666
19806,2423.8398
19807,2364.2334
19808,5157.51
19809,1790.969
19810,5998.084
19811,90746.336
19812,1111.8694
19813,4721.206
19814,8216.812
19815,9797.707
19816,14265.587
19817,6932.9224
19818,1513.9955
19819,6823.1685
19820,2983.9648
19821,24866.074
19822,5744.891
19823,20002.543
19824,13667.912
19825,10744.741
19826,10519.158
19827,7066.517
19828,5885.298
19829,12047.599
19830,7788.5356
19831,5690.9478
19832,8674.647
19833,4900.841
19834,10914.146
19835,92597.42
19836,15503.986
19837,7717.368
19838,14225.006
19839,5509.491
19840,17907.373
19841,3589.7112
19842,32724.355
19843,3775.2192
19844,2061.418
19845,45238.95
19846,6577.5864
19847,5490.667
19848,15866.318
19849,14337.179
19850,10200.532
19851,1717.891
19852,9696.623
19853,4984.78
19854,16058.122
19855,3903.5193
19856,10233.399
19857,10104.298
19858,10262.655
19859,23946.291
19860,3273.7446
19861,1957.7817
19862,15532.725
19863,10943.6875
19864,12230.114
19865,5888.3594
19866,5565.4946
19867,8650.815
19868,8471.008
19869,7007.388
19870,15321.785
19871,6185.329
19872,52115.758
19873,9027.958
19874,62329.004
19875,15127.006
19876,3185.016
19877,8981.686
19878,9241.768
19879,9819.111
19880,12131.707
19881,93220.67
19882,1933.8885
19883,12913.259
19884,9951.916
19885,21727.895
19886,9436.941
19887,9932.516
19888,19943.203
19889,6916.5317
19890,10631.353
19891,2800.7754
19892,3899.0876
19893,2477.8684
19894,52465.688
19895,12862.93
19896,7823.4263
19897,18086.025
19898,14282.585
19899,40121.344
19900,109945.97
19901,166832.81
19902,4879.0337
19903,6418.8613
19904,10413.9795
19905,7396.856
19906,17654.021
19907,2716.315
19908,10906.317
19909,50848.117
19910,22133.02
19911,7354.591
19912,21747.875
19913,3855.4402
19914,18953.62
19915,10092.595
19916,27446.693
19917,6369.3647
19918,6864.466
19919,56270.836
19920,12217.408
19921,20293.057
19922,5696.251
19923,13246.602
19924,63015.32
19925,10831.12
19926,4480.8
19927,2500.6697
19928,5517.5347
19929,16289.624
19930,6547.573
19931,8410.368
19932,6436.8374
19933,7419.795
19934,20917.031
19935,19431.691
19936,2520.9949
19937,5284.1387
19938,4996.589
19939,6280.1235
19940,7463.902
19941,42793.566
19942,6705.442
19943,2410.008
19944,3769.4724
19945,12339.318
19946,6454.77
19947,11034.631
19948,5687.8916
19949,13969.3
19950,4678.67
19951,10470.207
19952,15247.859
19953,14081.6455
19954,11221.614
19955,6024.501
19956,19710.543
19957,65100.367
19958,5615.748
19959,6255.2837
19960,22975.523
19961,38502.473
19962,13107.907
19963,12643.407
19964,122102.24
19965,6321.7305
19966,6430.566
19967,6375.9443
19968,3350.0151
19969,12682.659
19970,6613.794
19971,9955.378
19972,16614.936
19973,7642.442
19974,3875.9636
19975,86268.06
19976,5744.426
19977,16937.156
19978,77574.805
19979,5279.534
19980,4555.536
19981,13017.851
19982,5370.3125
19983,7999.6396
19984,7555.5137
19985,4020.3745
19986,3266.709
19987,5166.8423
19988,18420.22
19989,8091.3135
19990,13621.289
19991,1037.9364
19992,7117.273
19993,13080.977
19994,12677.754
19995,10636.534
19996,9027.38
19997,70943.68
19998,5932.6167
19999,5488.8506
20000,5752.84
20001,9864.557
20002,13978.592
20003,17200.322
20004,12263.145
20005,9159.471
20006,8131.1743
20007,10984.702
20008,12276.875
20009,5064.527
20010,8079.1885
20011,7258.054
20012,9091.247
20013,4853.307
20014,9983.131
20015,1741.7915
20016,15465.921
20017,13463.988
20018,14361.369
20019,7033.8115
20020,9753.829
20021,11381.534
20022,16238.359
20023,12262.215
